"0","library(dplyr)"
"0","library(xtable)"
"0","library(summarytools)"
"0","library(ggplot2)"
"0",""
"0","recent_gradsedit %>%"
"0","  select(""Total"", ""Men"", ""Women"", ""ShareWomen"", ""Sample_size"", ""Employed"", ""Full_time"", ""Part_time"", ""Full_time_year_round"", ""Unemployed"", ""Unemployment_rate"", ""Median"", ""P25th"", ""P75th"", ""College_jobs"", ""Non_college_jobs"", ""Low_wage_jobs"") %>%"
"0","  descr(stats = c(""mean"", ""sd"", ""min"", ""med"", ""max""), transpose = TRUE) %>%"
"0","  as.data.frame() %>%"
"0","  xtable(caption = ""Summary Statistics"","
"0","         label = ""tab:summary"","
"0","         align = c(""l"", ""c"", ""c"", ""c"", ""c"", ""c"")) %>%"
"0","  print(booktabs = TRUE, comment = FALSE, caption.placement = ""top"")"
"1","\begin{table}[ht]
\centering
\caption{Summary Statistics} 
\label{tab:summary}
\begin{tabular}{lccccc}
  \toprule
 & Mean & Std.Dev & Min & Median & Max \\ 
  \midrule
College\_jobs & 12322.64 & 21299.87 & 0.00 & 4390.00 & 151643.00 \\ 
  Employed & 31192.76 & 50675.00 & 0.00 & 11797.00 & 307933.00 \\ 
  Full\_time & 26029.31 & 42869.66 & 111.00 & 10048.00 & 251540.00 \\ 
  Full\_time\_year\_round & 19694.43 & 33160.94 & 111.00 & 7413.00 & 199897.00 \\ 
  Low\_wage\_jobs & 3859.02 & 6945.00 & 0.00 & 1231.00 & 48207.00 \\ 
  Median & 40151.45 & 11470.18 & 22000.00 & 36000.00 & 110000.00 \\ 
  Men & 16723.41 & 28122.43 & 119.00 & 5434.00 & 173809.00 \\ 
  Non\_college\_jobs & 13284.50 & 23789.66 & 0.00 & 4595.00 & 148395.00 \\ 
  P25th & 29501.45 & 9166.01 & 18500.00 & 27000.00 & 95000.00 \\ 
  P75th & 51494.22 & 14906.28 & 22000.00 & 47000.00 & 125000.00 \\ 
  Part\_time & 8832.40 & 14648.18 & 0.00 & 3299.00 & 115172.00 \\ 
  Sample\_size & 356.08 & 618.36 & 2.00 & 130.00 & 4212.00 \\ 
  Total & 39370.08 & 63483.49 & 124.00 & 15104.00 & 393735.00 \\ 
  Unemployed & 2416.33 & 4112.80 & 0.00 & 893.00 & 28169.00 \\ 
  Women & 22646.67 & 41057.33 & 0.00 & 8386.50 & 307087.00 \\ 
   \bottomrule
\end{tabular}
\end{table}
"
