{"chunk_definitions":[{"row":30,"row_count":1,"visible":true,"expansion_state":0,"options":{"engine":"r","label":"setup","include":false},"document_id":"F6B831A8","chunk_id":"csetup_chunk","chunk_label":"setup"},{"row":57,"row_count":1,"visible":true,"expansion_state":0,"options":{"engine":"r","label":"1","echo":false},"document_id":"F6B831A8","chunk_id":"cqp17txies0a4","chunk_label":"1"},{"row":68,"row_count":1,"visible":true,"expansion_state":0,"options":{"engine":"r","echo":false,"label":"unnamed-chunk-1"},"document_id":"F6B831A8","chunk_id":"cnltzno8q1i9l","chunk_label":"unnamed-chunk-1"},{"row":85,"row_count":1,"visible":true,"expansion_state":0,"options":{"engine":"r","results":"asis","echo":false,"label":"unnamed-chunk-48"},"document_id":"F6B831A8","chunk_id":"c40wurijf6gwl","chunk_label":"unnamed-chunk-2"},{"row":102,"row_count":1,"visible":true,"expansion_state":0,"options":{"engine":"r","label":"anova_total","echo":false},"document_id":"F6B831A8","chunk_id":"clfput06vh4rg","chunk_label":"anova_total"},{"row":112,"row_count":1,"visible":true,"expansion_state":0,"options":{"engine":"r","label":"An Awesome Plot for Total","echo":false,"fig.align":"center","fig.cap":"An Awesome Plot for Total"},"document_id":"F6B831A8","chunk_id":"cyt5d0nc8e3cs","chunk_label":"An Awesome Plot for Total"},{"row":128,"row_count":1,"visible":true,"expansion_state":0,"options":{"engine":"r","label":"anova_median","echo":false},"document_id":"F6B831A8","chunk_id":"cw82zznras58d","chunk_label":"anova_median"},{"row":139,"row_count":1,"visible":true,"expansion_state":0,"options":{"engine":"r","label":"An Awesome Plot for Median","echo":false,"fig.align":"center","fig.cap":"An Awesome Plot for Median"},"document_id":"F6B831A8","chunk_id":"chha988epc3gp","chunk_label":"An Awesome Plot for Median"},{"row":153,"row_count":1,"visible":true,"expansion_state":0,"options":{"engine":"r","echo":false,"label":"unnamed-chunk-75"},"document_id":"F6B831A8","chunk_id":"c9yec6b4vl2kx","chunk_label":"unnamed-chunk-3"},{"row":172,"row_count":1,"visible":true,"expansion_state":0,"options":{"engine":"r","echo":false,"label":"unnamed-chunk-72"},"document_id":"F6B831A8","chunk_id":"cfm0juigx42b4","chunk_label":"unnamed-chunk-4"},{"row":190,"row_count":1,"visible":true,"expansion_state":0,"options":{"engine":"r","echo":false,"label":"unnamed-chunk-73"},"document_id":"F6B831A8","chunk_id":"cqwhs514ft3cv","chunk_label":"unnamed-chunk-5"},{"row":209,"row_count":1,"visible":true,"expansion_state":0,"options":{"engine":"r","echo":false,"label":"unnamed-chunk-81"},"document_id":"F6B831A8","chunk_id":"c2prdc9g56tcr","chunk_label":"unnamed-chunk-6"}],"doc_write_time":1686343843}