{"chunk_definitions":[{"row":31,"row_count":1,"visible":true,"expansion_state":0,"options":{"engine":"r","label":"setup","include":false},"document_id":"F6B831A8","chunk_id":"csetup_chunk","chunk_label":"setup"},{"row":53,"row_count":1,"visible":true,"expansion_state":0,"options":{"engine":"r","label":"1","echo":false},"document_id":"F6B831A8","chunk_id":"cqp17txies0a4","chunk_label":"1"},{"row":64,"row_count":1,"visible":true,"expansion_state":0,"options":{"engine":"r","echo":false,"label":"unnamed-chunk-1"},"document_id":"F6B831A8","chunk_id":"cnltzno8q1i9l","chunk_label":"unnamed-chunk-1"},{"row":81,"row_count":1,"visible":true,"expansion_state":0,"options":{"engine":"r","results":"asis","echo":false,"label":"unnamed-chunk-48"},"document_id":"F6B831A8","chunk_id":"c40wurijf6gwl","chunk_label":"unnamed-chunk-2"},{"row":98,"row_count":1,"visible":true,"expansion_state":0,"options":{"engine":"r","label":"anova_total","echo":false},"document_id":"F6B831A8","chunk_id":"clfput06vh4rg","chunk_label":"anova_total"},{"row":108,"row_count":1,"visible":true,"expansion_state":0,"options":{"engine":"r","label":"An Awesome Plot for Total","echo":false,"fig.align":"center","fig.cap":"An Awesome Plot for Total"},"document_id":"F6B831A8","chunk_id":"cyt5d0nc8e3cs","chunk_label":"An Awesome Plot for Total"},{"row":124,"row_count":1,"visible":true,"expansion_state":0,"options":{"engine":"r","label":"anova_median","echo":false},"document_id":"F6B831A8","chunk_id":"cw82zznras58d","chunk_label":"anova_median"},{"row":135,"row_count":1,"visible":true,"expansion_state":0,"options":{"engine":"r","label":"An Awesome Plot for Median","echo":false,"fig.align":"center","fig.cap":"An Awesome Plot for Median"},"document_id":"F6B831A8","chunk_id":"chha988epc3gp","chunk_label":"An Awesome Plot for Median"},{"row":149,"row_count":1,"visible":true,"expansion_state":0,"options":{"engine":"r","echo":false,"label":"unnamed-chunk-75"},"document_id":"F6B831A8","chunk_id":"c9yec6b4vl2kx","chunk_label":"unnamed-chunk-3"},{"row":168,"row_count":1,"visible":true,"expansion_state":0,"options":{"engine":"r","echo":false,"label":"unnamed-chunk-72"},"document_id":"F6B831A8","chunk_id":"cfm0juigx42b4","chunk_label":"unnamed-chunk-4"},{"row":186,"row_count":1,"visible":true,"expansion_state":0,"options":{"engine":"r","echo":false,"label":"unnamed-chunk-73"},"document_id":"F6B831A8","chunk_id":"cqwhs514ft3cv","chunk_label":"unnamed-chunk-5"}],"doc_write_time":1686332762,"working_dir":null,"default_chunk_options":{"cache":false,"echo":true,"message":false,"warning":false},"chunk_rendered_width":541}