"0","library(ggplot2)"
"0","gender_percent <- recent_gradsedit %>%"
"0","  group_by(Major_category, Men, Women) %>%"
"0","  summarise(Percentage_Men = Men / sum(Men + Women) * 100,"
"0","            Percentage_Women = Women / sum(Men + Women) * 100) %>%"
"0","  ungroup()"
"0","graph_gender_percentage <- ggplot(gender_percent, aes(x = Major_category)) +"
"0","  geom_col(aes(y = Percentage_Men, fill = ""Men""), position = ""stack"", width = 0.5) +"
"0","  geom_col(aes(y = Percentage_Women, fill = ""Women""), position = ""stack"", width = 0.5) +"
"0","  labs(x = ""Major Category"", y = ""Percentage"", title = ""Gender Percentage by Major Category"") +"
"0","  scale_fill_manual(values = c(""Men"" = ""blue"", ""Women"" = ""pink"")) +"
"0","  theme_minimal()"
"0","print(graph_gender_percentage)"
"0",""
