{"chunk_definitions":[{"row":31,"row_count":1,"visible":true,"expansion_state":0,"options":{"engine":"r","label":"setup","include":false},"document_id":"F6B831A8","chunk_id":"csetup_chunk","chunk_label":"setup"},{"row":82,"row_count":1,"visible":true,"expansion_state":0,"options":{"engine":"r","results":"asis","echo":false,"label":"unnamed-chunk-1"},"document_id":"F6B831A8","chunk_id":"c4mldit0dbrkr","chunk_label":"unnamed-chunk-2"}],"doc_write_time":1686236519,"working_dir":null,"default_chunk_options":{"cache":false,"echo":true,"message":false,"warning":false}}