"0","library(ggplot2)"
"0","library(dplyr)"
"0",""
"0","percentage <- recent_gradsedit %>%"
"0","  group_by(Major_category) %>%"
"0","  summarise(Percentage_Employed = sum(Employed) / sum(Total) * 100,"
"0","            Percentage_Unemployed = sum(Unemployed) / sum(Total) * 100) %>%"
"0","  ungroup()"
"0",""
"0","graph_employment_percentage <- ggplot(percentage, aes(x = Major_category, y = Percentage_Employed + Percentage_Unemployed, fill = Major_category)) +"
"0","  geom_bar(aes(y = Percentage_Employed, fill = ""Employed""), stat = ""identity"", width = 0.5) +"
"0","  geom_bar(aes(y = Percentage_Unemployed, fill = ""Unemployed""), stat = ""identity"", width = 0.5) +"
"0","  labs(x = ""Major Category"", y = ""Percentage"", title = ""Percentage of Employed and Unemployed Individuals by Major Category"") +"
"0","  scale_fill_manual(values = c(""Employed"" = ""blue"", ""Unemployed"" = ""orange"")) +"
"0","  theme_minimal()"
"0",""
"0","print(graph_employment_percentage)"
