"0","library(ggplot2)"
"0","library(dplyr)"
"0","library(ggplot2)"
"0",""
"0","percentage <- recent_gradsedit %>%"
"0","  group_by(Major_category) %>%"
"0","  summarise(Percentage_College = sum(College_jobs) / sum(Total) * 100,"
"0","            Percentage_NonCollege = sum(Non_college_jobs) / sum(Total) * 100) %>%"
"0","  ungroup()"
"0","graph_college_jobs_percentage <- ggplot(percentage, aes(x = Major_category, y = Percentage_College + Percentage_NonCollege, fill = Major_category)) +"
"0","  geom_bar(aes(y = Percentage_College, fill = ""College Jobs""), stat = ""identity"", width = 0.5) +"
"0","  geom_bar(aes(y = Percentage_NonCollege, fill = ""Non-College Jobs""), stat = ""identity"", width = 0.5) +"
"0","  labs(x = ""Major Category"", y = ""Percentage"", title = ""Percentage of College Jobs and Non-College Jobs by Major Category"") +"
"0","  scale_fill_manual(values = c(""College Jobs"" = ""green"", ""Non-College Jobs"" = ""red"")) +"
"0","  theme_minimal()"
"0","print(graph_college_jobs_percentage)"
