{"chunk_definitions":[{"row":8,"row_count":1,"visible":true,"expansion_state":0,"options":{"engine":"r","label":"setup","include":false},"document_id":"BFE6F474","chunk_id":"csetup_chunk","chunk_label":"setup"},{"row":15,"row_count":1,"visible":true,"expansion_state":0,"options":{"engine":"r","label":"unnamed-chunk-10"},"document_id":"BFE6F474","chunk_id":"c1zn2m2smun3g","chunk_label":"unnamed-chunk-1"},{"row":19,"row_count":1,"visible":true,"expansion_state":0,"options":{"engine":"r","label":"unnamed-chunk-11"},"document_id":"BFE6F474","chunk_id":"cm6c4gx466j4n","chunk_label":"unnamed-chunk-2"},{"row":23,"row_count":1,"visible":true,"expansion_state":0,"options":{"engine":"r","label":"unnamed-chunk-12"},"document_id":"BFE6F474","chunk_id":"clxxmn0wcpz1z","chunk_label":"unnamed-chunk-3"},{"row":27,"row_count":1,"visible":true,"expansion_state":0,"options":{"engine":"r","label":"unnamed-chunk-13"},"document_id":"BFE6F474","chunk_id":"ca0hsq0pib5s7","chunk_label":"unnamed-chunk-4"}],"doc_write_time":1686228382,"working_dir":null,"default_chunk_options":{"echo":true}}